time,open,high,low,close
1,0.0,1.19924,0.0,0.0
2,0.0,1.20802,0.0,0.0
3,0.0,1.22239,0.0,0.0
4,0.0,1.22052,0.0,0.0
5,0.0,1.23785,0.0,0.0
6,0.0,1.16446,0.0,0.0
7,0.0,1.17395,0.0,0.0
8,0.0,1.24064,0.0,0.0
9,0.0,1.23834,0.0,0.0
10,0.0,1.03489,0.0,0.0
11,0.0,1.12026,0.0,0.0
12,0.0,1.2057,0.0,0.0
13,0.0,1.22725,0.0,0.0
14,0.0,1.22297,0.0,0.0
15,0.0,1.20868,0.0,0.0
16,0.0,1.21843,0.0,0.0
17,0.0,0.89147,0.0,0.0
18,0.0,1.0792,0.0,0.0
19,0.0,1.22824,0.0,0.0
