time,open,high,low,close
21,0.0,0.0,0.0,1.09814
22,0.0,0.0,0.0,1.09639
23,0.0,0.0,0.0,1.10982
