time,open,high,low,close
1,0.0,1.08909,0.0,0.0
2,0.0,1.09082,0.0,0.0
3,0.0,1.09338,0.0,0.0
4,0.0,1.09067,0.0,0.0
5,0.0,1.08658,0.0,0.0
6,0.0,1.08971,0.0,0.0
7,0.0,1.0898,0.0,0.0
8,0.0,1.09222,0.0,0.0
9,0.0,1.0898,0.0,0.0
