time,open,high,low,close
1,0.0,0.0,0.0,1.09079
2,0.0,0.0,0.0,1.08944
3,0.0,0.0,0.0,1.08967
4,0.0,0.0,0.0,1.08937
5,0.0,0.0,0.0,1.08951
6,0.0,0.0,0.0,1.08896
7,0.0,0.0,0.0,1.09042
8,0.0,0.0,0.0,1.08897
9,0.0,0.0,0.0,1.08873
