time,open,high,low,close
10,1.0872,0.0,0.0,0.0
11,1.08987,0.0,0.0,0.0
12,1.09251,0.0,0.0,0.0
13,1.09272,0.0,0.0,0.0
14,1.08946,0.0,0.0,0.0
15,1.08868,0.0,0.0,0.0
16,1.09415,0.0,0.0,0.0
17,1.09007,0.0,0.0,0.0
18,1.08874,0.0,0.0,0.0
19,1.08929,0.0,0.0,0.0
20,1.09029,0.0,0.0,0.0
21,1.09169,0.0,0.0,0.0
22,1.09314,0.0,0.0,0.0
23,1.09149,0.0,0.0,0.0
