time,open,high,low,close
10,0.0,0.0,1.09079,0.0
11,0.0,0.0,1.08706,0.0
12,0.0,0.0,1.09212,0.0
13,0.0,0.0,1.0876,0.0
14,0.0,0.0,1.09473,0.0
15,0.0,0.0,1.09239,0.0
16,0.0,0.0,1.09192,0.0
17,0.0,0.0,1.08448,0.0
18,0.0,0.0,1.08703,0.0
19,0.0,0.0,1.09144,0.0
20,0.0,0.0,1.09008,0.0
21,0.0,0.0,1.08186,0.0
22,0.0,0.0,1.09075,0.0
23,0.0,0.0,1.08978,0.0
