time,open,high,low,close
1,0.0,1.08962,1.08953,0.0
2,0.0,1.09033,1.08889,0.0
3,0.0,1.08855,1.08998,0.0
4,0.0,1.08937,1.08882,0.0
5,0.0,1.09059,1.08999,0.0
6,0.0,1.09052,1.08926,0.0
7,0.0,1.09086,1.0908,0.0
8,0.0,1.0909,1.08883,0.0
9,0.0,1.09196,1.0911,0.0
