time,open,high,low,close
1,0.0,1.0889,1.08865,0.0
2,0.0,1.08797,1.08996,0.0
3,0.0,1.08927,1.08933,0.0
4,0.0,1.08876,1.08842,0.0
5,0.0,1.08899,1.08923,0.0
6,0.0,1.08814,1.08895,0.0
7,0.0,1.08912,1.08995,0.0
8,0.0,1.09062,1.08982,0.0
9,0.0,1.09099,1.08991,0.0
