time,open,high,low,close
1,0.0,1.0911,1.09169,0.0
2,0.0,1.09333,1.08785,0.0
3,0.0,1.08874,1.09499,0.0
4,0.0,1.08762,1.08941,0.0
5,0.0,1.09104,1.08921,0.0
6,0.0,1.08873,1.09486,0.0
7,0.0,1.08516,1.09424,0.0
8,0.0,1.08706,1.08683,0.0
9,0.0,1.09193,1.09009,0.0
