time,open,high,low,close
1,0.0,0.0,1.09035,0.0
2,0.0,0.0,1.08844,0.0
3,0.0,0.0,1.09063,0.0
4,0.0,0.0,1.08966,0.0
5,0.0,0.0,1.09063,0.0
6,0.0,0.0,1.09158,0.0
7,0.0,0.0,1.09007,0.0
8,0.0,0.0,1.09032,0.0
9,0.0,0.0,1.08806,0.0
