time,open,high,low,close
10,0.0,0.0,0.0,1.09075
11,0.0,0.0,0.0,1.09214
12,0.0,0.0,0.0,1.08938
13,0.0,0.0,0.0,1.09078
14,0.0,0.0,0.0,1.08898
15,0.0,0.0,0.0,1.09088
16,0.0,0.0,0.0,1.08737
17,0.0,0.0,0.0,1.0906
18,0.0,0.0,0.0,1.0853
19,0.0,0.0,0.0,1.08802
20,0.0,0.0,0.0,1.08671
21,0.0,0.0,0.0,1.09517
22,0.0,0.0,0.0,1.09152
23,0.0,0.0,0.0,1.09131
