time,open,high,low,close
1,0.0,1.08923,1.09084,0.0
2,0.0,1.09035,1.08993,0.0
