time,open,high,low,close
1,0.0,1.09017,1.08989,0.0
2,0.0,1.08871,1.08946,0.0
3,0.0,1.09037,1.08879,0.0
4,0.0,1.08907,1.08847,0.0
5,0.0,1.09021,1.08933,0.0
6,0.0,1.08999,1.08757,0.0
7,0.0,1.08752,1.09096,0.0
8,0.0,1.09031,1.09304,0.0
9,0.0,1.08824,1.09075,0.0
