time,open,high,low,close
1,0.0,1.08993,1.08956,0.0
2,0.0,1.08922,1.09056,0.0
3,0.0,1.08925,1.08959,0.0
4,0.0,1.08931,1.09,0.0
5,0.0,1.08899,1.08995,0.0
6,0.0,1.08858,1.08769,0.0
7,0.0,1.08942,1.08919,0.0
8,0.0,1.09122,1.08999,0.0
9,0.0,1.08885,1.0952,0.0
