time,open,high,low,close
1,0.0,1.09061,1.08941,0.0
2,0.0,1.08941,1.08948,0.0
3,0.0,1.09003,1.08935,0.0
4,0.0,1.08839,1.08926,0.0
5,0.0,1.09066,1.09004,0.0
6,0.0,1.08931,1.0891,0.0
7,0.0,1.09057,1.08987,0.0
8,0.0,1.09012,1.08996,0.0
9,0.0,1.08954,1.08999,0.0
