time,open,high,low,close
1,0.0,1.08963,1.09074,0.0
2,0.0,1.08959,1.09034,0.0
3,0.0,1.08958,1.09006,0.0
4,0.0,1.08985,1.08973,0.0
5,0.0,1.09067,1.08993,0.0
6,0.0,1.08959,1.08932,0.0
7,0.0,1.09073,1.09101,0.0
8,0.0,1.0906,1.09005,0.0
9,0.0,1.08998,1.09044,0.0
