time,open,high,low,close
1,0.0,1.09184,0.0,0.0
2,0.0,1.0924,0.0,0.0
3,0.0,1.09261,0.0,0.0
4,0.0,1.09654,0.0,0.0
5,0.0,1.08818,0.0,0.0
6,0.0,1.09268,0.0,0.0
7,0.0,1.0907,0.0,0.0
8,0.0,1.09133,0.0,0.0
9,0.0,1.09048,0.0,0.0
10,0.0,1.09678,0.0,0.0
11,0.0,1.08606,0.0,0.0
12,0.0,1.09407,0.0,0.0
13,0.0,1.08818,0.0,0.0
14,0.0,1.09186,0.0,0.0
15,0.0,1.09067,0.0,0.0
16,0.0,1.09226,0.0,0.0
17,0.0,1.08463,0.0,0.0
18,0.0,1.09317,0.0,0.0
19,0.0,1.09335,0.0,0.0
