time,open,high,low,close
1,0.0,1.09161,0.0,0.0
2,0.0,1.0918,0.0,0.0
3,0.0,1.08944,0.0,0.0
4,0.0,1.09049,0.0,0.0
5,0.0,1.09072,0.0,0.0
6,0.0,1.09017,0.0,0.0
7,0.0,1.09117,0.0,0.0
8,0.0,1.09013,0.0,0.0
9,0.0,1.08963,0.0,0.0
10,0.0,1.08985,0.0,0.0
11,0.0,1.09326,0.0,0.0
12,0.0,1.08811,0.0,0.0
13,0.0,1.09088,0.0,0.0
14,0.0,1.09099,0.0,0.0
15,0.0,1.09062,0.0,0.0
16,0.0,1.08963,0.0,0.0
17,0.0,1.08989,0.0,0.0
18,0.0,1.09061,0.0,0.0
19,0.0,1.09073,0.0,0.0
