time,open,high,low,close
1,0.0,1.0979,0.0,0.0
2,0.0,1.09844,0.0,0.0
3,0.0,1.09743,0.0,0.0
4,0.0,1.09506,0.0,0.0
5,0.0,1.09695,0.0,0.0
6,0.0,1.09552,0.0,0.0
7,0.0,1.09926,0.0,0.0
8,0.0,1.09574,0.0,0.0
9,0.0,1.09675,0.0,0.0
10,0.0,1.09355,0.0,0.0
11,0.0,1.09433,0.0,0.0
12,0.0,1.10242,0.0,0.0
13,0.0,1.0966,0.0,0.0
14,0.0,1.09722,0.0,0.0
15,0.0,1.09621,0.0,0.0
16,0.0,1.09436,0.0,0.0
17,0.0,1.09466,0.0,0.0
18,0.0,1.09814,0.0,0.0
19,0.0,1.09727,0.0,0.0
