time,open,high,low,close
10,0.0,1.08893,0.0,0.0
11,0.0,1.08924,0.0,0.0
12,0.0,1.0938,0.0,0.0
13,0.0,1.09166,0.0,0.0
14,0.0,1.09238,0.0,0.0
15,0.0,1.09553,0.0,0.0
16,0.0,1.0925,0.0,0.0
17,0.0,1.0888,0.0,0.0
18,0.0,1.0822,0.0,0.0
19,0.0,1.0904,0.0,0.0
20,0.0,1.08671,0.0,0.0
21,0.0,1.08777,0.0,0.0
22,0.0,1.09207,0.0,0.0
23,0.0,1.09711,0.0,0.0
