time,open,high,low,close
1,0.0,1.08775,0.0,0.0
2,0.0,1.08969,0.0,0.0
3,0.0,1.09301,0.0,0.0
4,0.0,1.08911,0.0,0.0
5,0.0,1.08931,0.0,0.0
6,0.0,1.08934,0.0,0.0
7,0.0,1.09411,0.0,0.0
8,0.0,1.08914,0.0,0.0
9,0.0,1.09505,0.0,0.0
10,0.0,1.08895,0.0,0.0
11,0.0,1.09017,0.0,0.0
12,0.0,1.0867,0.0,0.0
13,0.0,1.08837,0.0,0.0
14,0.0,1.08967,0.0,0.0
15,0.0,1.08844,0.0,0.0
16,0.0,1.08698,0.0,0.0
17,0.0,1.09044,0.0,0.0
18,0.0,1.09006,0.0,0.0
19,0.0,1.09215,0.0,0.0
