time,open,high,low,close
1,1.09136,0.0,0.0,0.0
2,1.09011,0.0,0.0,0.0
3,1.08965,0.0,0.0,0.0
4,1.0914,0.0,0.0,0.0
5,1.09224,0.0,0.0,0.0
6,1.08787,0.0,0.0,0.0
7,1.09039,0.0,0.0,0.0
8,1.08801,0.0,0.0,0.0
9,1.08957,0.0,0.0,0.0
