time,open,high,low,close
1,0.0,1.09056,1.09047,0.0
2,0.0,1.09039,1.08969,0.0
3,0.0,1.08997,1.08965,0.0
4,0.0,1.08942,1.08946,0.0
5,0.0,1.08932,1.08957,0.0
6,0.0,1.08991,1.08968,0.0
7,0.0,1.09029,1.09069,0.0
8,0.0,1.09043,1.08975,0.0
9,0.0,1.09099,1.09027,0.0
