time,open,high,low,close
1,0.0,1.09042,1.08913,0.0
2,0.0,1.08968,1.08996,0.0
3,0.0,1.0898,1.09055,0.0
4,0.0,1.08998,1.09,0.0
5,0.0,1.09016,1.08974,0.0
6,0.0,1.08935,1.08954,0.0
7,0.0,1.09077,1.09012,0.0
8,0.0,1.09039,1.09085,0.0
9,0.0,1.09076,1.08992,0.0
