time,open,high,low,close
1,0.0,1.09081,1.09044,0.0
2,0.0,1.09043,1.08989,0.0
3,0.0,1.09011,1.08976,0.0
4,0.0,1.09014,1.09002,0.0
5,0.0,1.0905,1.09023,0.0
6,0.0,1.08979,1.08938,0.0
7,0.0,1.09045,1.09048,0.0
8,0.0,1.09064,1.09037,0.0
9,0.0,1.09088,1.08949,0.0
