time,open,high,low,close
1,0.0,1.09065,1.08938,0.0
2,0.0,1.09022,1.09016,0.0
3,0.0,1.09007,1.08987,0.0
4,0.0,1.08933,1.08931,0.0
5,0.0,1.08991,1.08988,0.0
6,0.0,1.08911,1.09004,0.0
7,0.0,1.09065,1.09061,0.0
8,0.0,1.09058,1.09112,0.0
9,0.0,1.09093,1.09046,0.0
